epoch;loss;val_loss
0;19.691573452949523;18.033195240423083
1;18.147458648681642;18.068353770300746
